{
  "images" : [
    {
      "extent" : "full-screen",
      "idiom" : "iphone",
      "subtype" : "736h",
      "filename" : "1242x2208.png",
      "minimum-system-version" : "8.0",
      "orientation" : "portrait",
      "scale" : "3x"
    },
    {
      "extent" : "full-screen",
      "idiom" : "iphone",
      "subtype" : "667h",
      "filename" : "750x1334.png",
      "minimum-system-version" : "8.0",
      "orientation" : "portrait",
      "scale" : "2x"
    },
    {
      "orientation" : "portrait",
      "idiom" : "iphone",
      "filename" : "640x960.png",
      "extent" : "full-screen",
      "minimum-system-version" : "7.0",
      "scale" : "2x"
    },
    {
      "extent" : "full-screen",
      "idiom" : "iphone",
      "subtype" : "retina4",
      "filename" : "640x1136.png",
      "minimum-system-version" : "7.0",
      "orientation" : "portrait",
      "scale" : "2x"
    },
    {
      "extent" : "full-screen",
      "idiom" : "ipad",
      "filename" : "768x1024.png",
      "minimum-system-version" : "7.0",
      "orientation" : "portrait",
      "unassigned" : true,
      "scale" : "1x"
    },
    {
      "extent" : "full-screen",
      "idiom" : "ipad",
      "filename" : "1536x2048.png",
      "minimum-system-version" : "7.0",
      "orientation" : "portrait",
      "unassigned" : true,
      "scale" : "2x"
    }
  ],
  "info" : {
    "version" : 1,
    "author" : "xcode"
  }
}